horizon,mae,rmse,mlpd,cov90
7,72.14285714285714,72.43223433961272,-1143.5632608750789,0.0
7,72.0,74.8178741058197,-1141.2669886051983,0.0
7,96.0,99.2126144053409,-1518.922593588461,0.0
7,142.57142857142858,147.12579651441143,-2251.5727628184472,0.0
7,156.28571428571428,158.39823231336896,-2467.321472110238,0.0
7,133.71428571428572,135.66555516100195,-2112.270121584662,0.0
7,124.28571428571429,125.25402759421124,-1963.9557318288098,0.0
7,84.71428571428571,86.40684496695188,-1341.3700682230676,0.0
7,83.14285714285714,85.8270686571883,-1316.6250524753978,0.0
7,102.0,107.43901924879461,-1613.2908298908546,0.0
7,178.14285714285714,181.97448800783664,-2811.1075798209486,0.0
7,246.14285714285714,254.84364954670878,-3880.5981780356083,0.0
7,356.7142857142857,365.7897522582376,-5619.522393193058,0.0
7,659.0,673.2056573907093,-10373.053742085467,0.0
7,1042.5714285714287,1051.0518540966473,-16404.51885897602,0.0
7,993.0,997.8570610491837,-15625.04837855026,0.0
7,1029.2857142857142,1044.7083666883173,-16195.60250632978,0.0
7,937.0,940.8263085485773,-14744.48884425482,0.0
7,953.2857142857143,960.0597451647029,-15000.56688988308,0.0
7,1117.7142857142858,1131.751613334708,-17586.07352350038,0.0
7,1285.0,1288.1594289084385,-20216.500766660487,0.0
7,1153.5714285714287,1156.197647463443,-18149.90739749536,0.0
7,1290.2857142857142,1297.723721422575,-20299.609608014398,0.0
7,1551.5714285714287,1559.243818558947,-24408.05864660619,0.0
7,1748.142857142857,1756.897874908255,-27498.92212846259,0.0
7,1993.4285714285713,2000.9695507071422,-31355.746325496617,0.0
7,2197.8571428571427,2204.127394555172,-34570.129144011466,0.0
7,2539.714285714286,2563.7156071385366,-39945.37731796835,0.0
7,2494.0,2506.0297569775867,-39226.585270844094,0.0
7,2008.7142857142858,2014.4828120388618,-31596.09628878829,0.0
7,1501.5714285714287,1505.971969004925,-23621.865200608932,0.0
7,1250.5714285714287,1252.4482310373437,-19675.145161244927,0.0
7,1059.7142857142858,1066.4066498560214,-16674.0781669567,0.0
7,926.0,935.2157886972244,-14571.515508285762,0.0
7,764.5714285714286,766.7448821385861,-12033.147815212456,0.0
7,768.8571428571429,773.6905989199706,-12100.535022158696,0.0
7,707.4285714285714,716.5981141078012,-11134.587508142668,0.0
7,716.1428571428571,725.3116571515999,-11271.617911471987,0.0
7,774.5714285714286,791.4603139585892,-12190.374481303357,0.0
7,889.8571428571429,907.958542162424,-14003.175633178678,0.0
7,1163.0,1174.5160097431014,-18298.15482420488,0.0
7,1673.5714285714287,1716.238786249912,-26326.35026545235,0.0
7,1467.4285714285713,1473.3698013155324,-23085.00391774376,0.0
7,1107.0,1114.912616691166,-17417.606042926953,0.0
7,1041.857142857143,1046.1354050572447,-16393.29077824854,0.0
7,894.0,899.4210836500808,-14068.339610238614,0.0
7,785.8571428571429,792.0388698975395,-12367.850685788933,0.0
7,592.1428571428571,600.3631044150342,-9321.742745881249,0.0
7,398.2857142857143,401.0361579708244,-6273.288102527699,0.0
7,257.85714285714283,260.14199419328116,-4064.8583814969747,0.0
7,184.85714285714286,188.17013578142522,-2916.721647830524,0.0
7,139.71428571428572,142.9375488006663,-2206.642870165524,0.0
7,93.14285714285714,93.8813841276016,-1474.0015449644027,0.0
7,73.57142857142857,76.39839190529003,-1166.0108128253182,0.0
7,71.71428571428571,74.4119806022045,-1136.7794010500797,0.0
7,76.71428571428571,78.1637475340802,-1215.4855595582826,0.0
7,99.85714285714286,102.01750550063176,-1579.6241902040658,0.0
7,131.14285714285714,134.9253762005396,-2071.7965664516714,0.0
7,230.28571428571428,236.4747041742218,-3631.211003448683,0.0
7,358.42857142857144,365.41502823110994,-5646.482237712163,0.0
7,452.7142857142857,460.8927671998584,-7129.199416743597,0.0
7,511.14285714285717,521.9039320466117,-8048.002973701529,0.0
7,635.7142857142857,644.4330841910586,-10006.896308265792,0.0
7,711.0,727.5250609331024,-11190.7372187642,0.0
7,735.2857142857143,739.9977799194497,-11572.63826447993,0.0
7,678.0,682.3019859270527,-10671.839472772854,0.0
7,553.5714285714286,561.5370487713675,-8715.20587536471,0.0
7,545.7142857142857,549.6775678262927,-8591.659162107699,0.0
7,569.2857142857143,585.4118208577617,-8962.299859259301,0.0
7,416.42857142857144,418.80254467776507,-6558.598817436251,0.0
7,469.14285714285717,475.51986589115586,-7387.548929186551,0.0
7,571.5714285714286,575.3430032846245,-8998.264718000655,0.0
7,621.8571428571429,629.1791704843928,-9788.998552130932,0.0
7,692.1428571428571,697.2848362449472,-10894.23017586881,0.0
7,896.1428571428571,910.6273347847311,-14102.024656135181,0.0
7,1165.4285714285713,1191.2569592061752,-18336.32733961567,0.0
7,1673.2857142857142,1705.0853769993873,-26321.864335813814,0.0
7,3272.285714285714,3442.430080211195,-51463.99296135445,0.0
7,9241.142857142857,9620.881708925792,-145314.9607509518,0.0
7,15524.42857142857,15765.285929172722,-244109.2839639781,0.0
7,14747.0,15001.061510058928,-231885.513896786,0.0
7,6728.0,6803.898420338572,-105799.87262702886,0.0
7,4397.714285714285,4437.773444291308,-69159.75007363605,0.0
7,3373.0,3407.915009838965,-53047.63058115036,0.0
7,3006.285714285714,3048.6535201157717,-47281.566235311795,0.0
7,2414.1428571428573,2462.5693028681594,-37970.92114745713,0.0
7,1677.2857142857142,1699.0378369620175,-26384.766199005397,0.0
7,1313.857142857143,1337.43865012835,-20670.23516230167,0.0
7,1087.4285714285713,1099.4853341450262,-17109.857351408216,0.0
7,1069.7142857142858,1091.8605353118267,-16831.303972450485,0.0
7,1208.2857142857142,1235.936544834379,-19010.215761150834,0.0
7,1917.142857142857,1964.3470016412941,-30156.221127140838,0.0
7,2837.0,2887.921224687405,-44619.77768211812,0.0
7,3180.714285714286,3222.675352649011,-50024.209060049674,0.0
7,2790.8571428571427,2851.540736414013,-43894.242481283305,0.0
7,2208.285714285714,2268.805727375402,-34734.07865794346,0.0
7,1639.5714285714287,1669.5587526563504,-25791.745310917442,0.0
7,1201.5714285714287,1237.300229185648,-18904.634539085808,0.0
7,856.7142857142857,871.390760303813,-13482.032675479462,0.0
7,587.1428571428571,597.4519705740848,-9243.1128639593,0.0
7,560.0,569.5301321515583,-8816.292486158582,0.0
7,598.2857142857143,612.926469605333,-9418.327180748282,0.0
7,672.2857142857143,684.8553549055868,-10581.96931538759,0.0
7,792.2857142857143,804.7991763699279,-12468.927502222834,0.0
7,1012.1428571428571,1037.3899253139375,-15926.03264825694,0.0
7,1427.5714285714287,1464.6470564610438,-22458.266508788965,0.0
7,1670.5714285714287,1706.2969093499357,-26279.182511626783,0.0
7,1891.857142857143,1924.6663903871013,-29758.644068735022,0.0
7,1838.5714285714287,1878.4174189993023,-28920.786933668052,0.0
7,1462.2857142857142,1487.5889409184438,-23004.123332527004,0.0
7,1152.7142857142858,1174.7920788681836,-18136.41154617294,0.0
7,1036.7142857142858,1053.7533595947123,-16312.410156724505,0.0
7,982.0,1005.709983757033,-15452.06093314721,0.0
7,803.8571428571429,818.1462495876185,-12650.881598538139,0.0
7,719.5714285714286,739.2060412554617,-11325.513199915393,0.0
7,707.8571428571429,726.5449548572831,-11141.312250554227,0.0
7,708.2857142857143,723.8435111068059,-11148.055625845349,0.0
7,795.2857142857143,804.538465741162,-12516.106135825868,0.0
7,866.2857142857143,884.5641380282802,-13632.531834719935,0.0
7,907.2857142857143,920.9176324266388,-14277.238586558831,0.0
7,943.8571428571429,963.8840327401573,-14852.294904711045,0.0
7,866.7142857142857,886.4820520300614,-13639.269847411802,0.0
7,854.2857142857143,875.2792207551338,-13443.834132196178,0.0
7,815.1428571428571,830.8262668658747,-12828.340983857779,0.0
7,754.4285714285714,768.4410006165544,-11873.638864575152,0.0
7,760.5714285714286,776.0714252843337,-11970.231409751093,0.0
7,884.1428571428571,898.0454172415622,-13913.331095638718,0.0
7,1041.7142857142858,1061.7657799291571,-16391.02872178209,0.0
7,1053.7142857142858,1074.7149788266122,-16579.71782887758,0.0
7,1107.2857142857142,1126.6958646540652,-17422.087210656387,0.0
7,1016.5714285714286,1060.9752925627304,-15995.646001225787,0.0
7,855.2857142857143,890.7660427166849,-13459.540787731035,0.0
7,782.4285714285714,808.8426475968168,-12313.908047560331,0.0
7,627.7142857142857,638.8751275260515,-9881.09469480244,0.0
7,519.1428571428571,530.0630690237315,-8173.803583098854,0.0
7,437.85714285714283,445.83645303759414,-6895.562156446942,0.0
7,462.14285714285717,473.9483094178098,-7277.457038487597,0.0
7,517.5714285714286,524.4960846919097,-8149.1019903123815,0.0
7,486.0,493.19541186604147,-7652.632887181162,0.0
7,472.57142857142856,482.1182427579359,-7441.457809258782,0.0
7,461.57142857142856,472.7939750643433,-7268.473618158886,0.0
7,418.7142857142857,428.34715560428987,-6594.523948236419,0.0
7,393.85714285714283,400.87422323859,-6203.632877862475,0.0
7,369.2857142857143,374.91999146484574,-5817.229351198644,0.0
7,360.85714285714283,367.6415179414394,-5684.67735249118,0.0
7,361.14285714285717,367.4984936801005,-5689.171837492241,0.0
7,384.2857142857143,397.8567581429276,-6053.093471412488,0.0
7,353.42857142857144,358.8302423948445,-5567.860727542485,0.0
7,310.42857142857144,318.65767570500213,-4891.620778302383,0.0
7,278.42857142857144,287.54453071282217,-4388.363162036939,0.0
7,230.14285714285714,234.90818875223815,-3628.9727332815587,0.0
7,223.0,227.51734627747146,-3516.6335979448236,0.0
7,197.0,202.74720360939278,-3107.698039021752,0.0
7,193.28571428571428,197.215255857292,-3049.2851602918463,0.0
7,146.85714285714286,149.0349910974888,-2319.010372481245,0.0
7,116.0,119.10499569707393,-1833.5903876973014,0.0
7,92.71428571428571,95.0811683322653,-1467.2396850223238,0.0
7,94.42857142857143,96.27861355758832,-1494.220186148553,0.0
7,91.57142857142857,92.81240680611002,-1449.2707519248827,0.0
7,92.0,94.40338976964757,-1455.9968770386192,0.0
7,94.71428571428571,96.60153799426354,-1498.7113259607654,0.0
7,102.28571428571429,105.63549187113743,-1617.81798758507,0.0
7,133.85714285714286,135.43527710945287,-2114.5173529335584,0.0
7,194.42857142857142,198.11576702235777,-3067.2584711241457,0.0
7,238.42857142857142,242.75413781967018,-3759.288172922528,0.0
7,279.2857142857143,283.47108696101117,-4401.856494794846,0.0
7,348.42857142857144,353.8879968093214,-5489.227865982322,0.0
7,411.14285714285717,419.45474811269656,-6475.462267687405,0.0
7,483.0,489.93454373299414,-7605.456294283942,0.0
7,609.7142857142857,623.2979108855458,-9598.039781302401,0.0
7,703.4285714285714,717.2220218115368,-11071.680184850813,0.0
7,742.7142857142857,768.1288024432212,-11689.419728296416,0.0
7,502.85714285714283,516.2563040085529,-7917.7046878891615,0.0
7,507.57142857142856,517.4957556761767,-7991.841266967424,0.0
7,495.42857142857144,502.02276556233693,-7800.900226105115,0.0
7,477.7142857142857,485.24780120205446,-7522.334877541652,0.0
7,519.7142857142857,527.2080099109703,-8182.799150946791,0.0
7,595.0,604.2914386760273,-9366.667645985199,0.0
7,638.5714285714286,646.017691044802,-10051.827738304415,0.0
7,724.8571428571429,739.6085837406548,-11408.637463741581,0.0
7,774.4285714285714,792.3151429288006,-12188.123875223046,0.0
7,894.5714285714286,915.8221911016819,-14077.305305276765,0.0
7,823.0,844.5004440496168,-12951.883721645516,0.0
7,694.2857142857143,726.250055323332,-10927.88435608866,0.0
7,628.4285714285714,653.6776182273862,-9892.30369687724,0.0
7,461.0,474.10472019827614,-7259.482150197829,0.0
7,310.2857142857143,316.5054727579198,-4889.3779435076085,0.0
7,245.42857142857142,252.0226747168369,-3869.3727526468274,0.0
7,212.0,217.93773684898434,-3343.6207984853927,0.0
7,174.0,177.4566345416737,-2745.9464329346715,0.0
7,164.28571428571428,168.22688760803285,-2593.1467680602473,0.0
7,122.42857142857143,125.98809467564783,-1934.7187078751224,0.0
7,110.57142857142857,112.51920471000241,-1748.1953191286605,0.0
7,77.0,79.04338772381371,-1219.973559250777,0.0
7,63.142857142857146,63.8099857836866,-1001.9144551850715,0.0
7,43.714285714285715,44.558148204661414,-696.0601980855698,0.0
7,45.42857142857143,46.90720322387292,-723.0381683731126,0.0
14,72.07142857142857,73.6347161912873,-1142.4151247401387,0.0
14,84.0,87.86596935918121,-1330.0947910968298,0.0
14,119.28571428571429,125.4773741698934,-1885.2476782034541,0.0
14,149.42857142857142,152.86595435217092,-2359.4471174643427,0.0
14,145.0,147.4705781794166,-2289.79579684745,0.0
14,129.0,130.56361339537574,-2038.1129267067358,0.0
14,104.5,107.59812797096957,-1652.6629000259386,0.0
14,83.92857142857143,86.11744472355346,-1328.9975603492326,0.0
14,92.57142857142857,97.235355122066,-1464.9579411831262,0.0
14,140.07142857142858,149.4286738595661,-2212.1992048559014,0.0
14,212.14285714285714,221.42718893577637,-3345.8528789282786,0.0
14,301.42857142857144,315.2359660408601,-4750.060285614332,0.0
14,507.85714285714283,541.7600945067844,-7996.288067639262,0.0
14,850.7857142857143,882.585932683854,-13388.786300530743,0.0
14,1017.7857142857143,1024.7996668338924,-16014.783618763142,0.0
14,1011.1428571428571,1021.5513412732337,-15910.32544244002,0.0
14,983.1428571428571,994.1251717680511,-15470.045675292304,0.0
14,945.1428571428571,950.491677276255,-14872.527867068953,0.0
14,1035.5,1049.4228005364255,-16293.320206691731,0.0
14,1201.357142857143,1212.4801912962184,-18901.287145080434,0.0
14,1219.2857142857142,1223.9582742654493,-19183.204082077926,0.0
14,1221.9285714285713,1228.9995641054672,-19224.758502754878,0.0
14,1420.9285714285713,1434.4560193427233,-22353.834127310296,0.0
14,1649.857142857143,1661.013459995347,-25953.49038753439,0.0
14,1870.7857142857142,1882.8926264811657,-29427.3342269796,0.0
14,2095.6428571428573,2105.000797420955,-32962.937734754036,0.0
14,2368.785714285714,2390.691875348461,-37257.75323098991,0.0
14,2516.8571428571427,2535.0367706547036,-39585.98129440622,0.0
14,2251.3571428571427,2273.579352349192,-35411.34077981619,0.0
14,1755.142857142857,1778.4955118622836,-27608.980744698612,0.0
14,1376.0714285714287,1385.0231302864843,-21648.505180926928,0.0
14,1155.142857142857,1163.1529809714873,-18174.611664100816,0.0
14,992.8571428571429,1002.9585520562937,-15622.796837621234,0.0
14,845.2857142857143,855.1392534886601,-13302.331661749107,0.0
14,766.7142857142857,770.2255699283351,-12066.841418685572,0.0
14,738.1428571428571,745.6909547527046,-11617.561265150682,0.0
14,711.7857142857143,720.9680496190026,-11203.102709807328,0.0
14,745.3571428571429,759.1068530093206,-11730.996196387672,0.0
14,832.2142857142857,851.7036288689695,-13096.775057241017,0.0
14,1026.4285714285713,1049.7324829280485,-16150.665228691782,0.0
14,1418.2857142857142,1470.5378996427512,-22312.252544828614,0.0
14,1570.5,1599.4208550061398,-24705.677091598052,0.0
14,1287.2142857142858,1306.493152352073,-20251.304980335353,0.0
14,1074.4285714285713,1081.07109585157,-16905.448410587745,0.0
14,967.9285714285714,975.540253251646,-15230.815194243578,0.0
14,839.9285714285714,847.4325510454673,-13218.095148013776,0.0
14,689.0,702.7664720842296,-10844.796715835093,0.0
14,495.2142857142857,510.5222116337629,-7797.515424204475,0.0
14,328.07142857142856,338.01172845247333,-5169.073242012337,0.0
14,221.35714285714286,227.0262728660024,-3490.7900146637485,0.0
14,162.28571428571428,167.09150615327945,-2561.6822589980234,0.0
14,116.42857142857143,120.92323420843726,-1840.322207564963,0.0
14,83.35714285714286,85.58746570447266,-1320.0061788948606,0.0
14,72.64285714285714,75.41172701528969,-1151.395106937699,0.0
14,74.21428571428571,76.3109241384033,-1176.132480304181,0.0
14,88.28571428571429,90.8766825350234,-1397.5548748811743,0.0
14,115.5,119.60858784265571,-1825.7103783278687,0.0
14,180.71428571428572,192.51641859480824,-2851.5037849501778,0.0
14,294.35714285714283,307.77299148189445,-4638.8466205804225,0.0
14,405.57142857142856,415.902804579559,-6387.84082722788,0.0
14,481.92857142857144,492.3443191217185,-7588.6011952225645,0.0
14,573.4285714285714,586.3777427075972,-9027.449640983661,0.0
14,673.3571428571429,687.2360272445393,-10598.816763514993,0.0
14,723.1428571428571,733.7879218723311,-11381.687741622067,0.0
14,706.6428571428571,711.7347519566943,-11122.238868626391,0.0
14,615.7857142857143,624.8439233692111,-9693.522674068783,0.0
14,549.6428571428571,555.6389500900228,-8653.432518736203,0.0
14,557.5,567.8258661647197,-8776.979510683497,0.0
14,492.85714285714283,508.9708102772552,-7760.449338347776,0.0
14,442.7857142857143,448.05954642531293,-6973.0738733114,0.0
14,520.3571428571429,527.7967005797376,-8192.906823593603,0.0
14,596.7142857142857,602.8623391786884,-9393.631635065793,0.0
14,657.0,664.1056284314159,-10341.614363999872,0.0
14,794.1428571428571,811.0019376408067,-12498.127416001995,0.0
14,1030.7857142857142,1060.2677222556306,-16219.175997875427,0.0
14,1419.357142857143,1470.7836832305227,-22329.09583771474,0.0
14,2472.785714285714,2716.3984427914843,-38892.92864858413,0.0
14,6256.714285714285,7225.361226758345,-98389.47685615312,0.0
14,12382.785714285714,13059.58661837568,-194712.1223574649,0.0
14,15135.714285714286,15387.918749089216,-237997.39893038204,0.0
14,10737.5,11647.422035430354,-168842.69326190744,0.0
14,5562.857142857143,5743.991071421632,-87479.81135033246,0.0
14,3885.3571428571427,3956.4957890248575,-61103.690327393204,0.0
14,3189.6428571428573,3233.277980625854,-50164.59840823108,0.0
14,2710.214285714286,2771.149207201126,-42626.24369138446,0.0
14,2045.7142857142858,2115.535055589619,-32177.84367323126,0.0
14,1495.5714285714287,1528.9656167301007,-23527.500680653528,0.0
14,1200.642857142857,1224.2569466531818,-18890.046256854945,0.0
14,1078.5714285714287,1095.679567339701,-16970.580661929354,0.0
14,1139.0,1166.1257589618222,-17920.759866800658,0.0
14,1562.7142857142858,1641.0664650943127,-24583.218444145834,0.0
14,2377.0714285714284,2469.691088259536,-37387.999404629474,0.0
14,3008.8571428571427,3059.879526106496,-47321.99337108388,0.0
14,2985.785714285714,3042.7718448809137,-46959.22577066649,0.0
14,2499.5714285714284,2576.699827298477,-39314.16056961339,0.0
14,1923.9285714285713,1991.8466127117892,-30262.91198443045,0.0
14,1420.5714285714287,1469.411155142475,-22348.18992500162,0.0
14,1029.142857142857,1070.1013303154318,-16193.333607282633,0.0
14,721.9285714285714,747.0845716134534,-11362.57276971938,0.0
14,573.5714285714286,583.6580456789012,-9029.702675058941,0.0
14,579.1428571428571,591.6263299462881,-9117.309833453432,0.0
14,635.2857142857143,649.8868033302855,-10000.148248067937,0.0
14,732.2857142857143,747.2377705351126,-11525.448408805212,0.0
14,902.2142857142857,928.4071228261262,-14197.480075239886,0.0
14,1219.857142857143,1269.1274280273942,-19192.149578522953,0.0
14,1549.0714285714287,1590.0692033457447,-24368.724510207867,0.0
14,1781.2142857142858,1818.7619219049614,-28018.9132901809,0.0
14,1865.2142857142858,1901.6825069245542,-29339.71550120154,0.0
14,1650.4285714285713,1694.3100154846009,-25962.45513309753,0.0
14,1307.5,1340.3464637388138,-20570.26743934997,0.0
14,1094.7142857142858,1115.9149993231051,-17224.410851448723,0.0
14,1009.3571428571429,1030.0118237878908,-15882.235544935855,0.0
14,892.9285714285714,916.7376552599051,-14051.471265842678,0.0
14,761.7142857142857,779.6758483956191,-11988.19739922677,0.0
14,713.7142857142857,732.9028390097636,-11233.412725234812,0.0
14,708.0714285714286,725.195490885044,-11144.683938199789,0.0
14,751.7857142857143,765.2553728751506,-11832.080880835609,0.0
14,830.7857142857143,845.4986271848278,-13074.318985272903,0.0
14,886.7857142857143,902.9238616849153,-13954.885210639384,0.0
14,925.5714285714286,942.645668924892,-14564.766745634939,0.0
14,905.2857142857143,925.9921320245808,-14245.782376061425,0.0
14,860.5,880.8984455818795,-13541.55198980399,0.0
14,834.7142857142857,853.3422525575538,-13136.087558026979,0.0
14,784.7857142857143,800.2417938169866,-12350.989924216468,0.0
14,757.5,772.2656371260567,-11921.935137163122,0.0
14,822.3571428571429,839.2771975251766,-12941.781252694902,0.0
14,962.9285714285714,983.3189062702758,-15152.179908710405,0.0
14,1047.7142857142858,1068.260000454678,-16485.373275329835,0.0
14,1080.5,1101.0122290744225,-17000.902519766987,0.0
14,1061.9285714285713,1094.3290508017099,-16708.866605941086,0.0
14,935.9285714285714,979.5745796736751,-14727.593394478405,0.0
14,818.8571428571429,850.7909765120254,-12886.724417645684,0.0
14,705.0714285714286,728.8305211579908,-11097.501371181384,0.0
14,573.4285714285714,586.995862725746,-9027.449138950647,0.0
14,478.5,489.7637185419108,-7534.682869772899,0.0
14,450.0,460.1071303822311,-7086.509597467268,0.0
14,489.85714285714283,499.86155226079495,-7713.279514399989,0.0
14,501.7857142857143,509.086366514984,-7900.867438746771,0.0
14,479.2857142857143,487.688278660516,-7547.045348219972,0.0
14,467.07142857142856,477.47887013832496,-7354.965713708834,0.0
14,440.14285714285717,451.1182930071826,-6931.498783197652,0.0
14,406.2857142857143,414.83817843312625,-6399.078413049446,0.0
14,381.57142857142856,388.11412165569476,-6010.43111453056,0.0
14,365.07142857142856,371.298589893825,-5750.953351844912,0.0
14,361.0,367.57001276724725,-5686.92459499171,0.0
14,372.7142857142857,382.97855217827987,-5871.1326544523645,0.0
14,368.85714285714283,378.8463691637699,-5810.477099477485,0.0
14,331.92857142857144,339.338958228242,-5229.740752922435,0.0
14,294.42857142857144,303.5000588373678,-4639.991970169662,0.0
14,254.28571428571428,262.54877097952135,-4008.6679476592485,0.0
14,226.57142857142858,231.24229716900842,-3572.8031656131907,0.0
14,210.0,215.48848162787198,-3312.165818483288,0.0
14,195.14285714285714,200.00035714253826,-3078.4915996567984,0.0
14,170.07142857142858,174.7931430495569,-2684.1477663865458,0.0
14,131.42857142857142,134.9026103739816,-2076.3003800892734,0.0
14,104.35714285714286,107.7646244632917,-1650.4150363598126,0.0
14,93.57142857142857,95.68176419778223,-1480.7299355854386,0.0
14,93.0,94.5613935116078,-1471.7454690367176,0.0
14,91.78571428571429,93.61127831928923,-1452.6338144817512,0.0
14,93.35714285714286,95.50878792775339,-1477.3541014996922,0.0
14,98.5,101.21935162239058,-1558.2646567729178,0.0
14,118.07142857142857,121.45281270635816,-1866.1676702593145,0.0
14,164.14285714285714,169.6946838126808,-2590.887912028852,0.0
14,216.42857142857142,221.56198745659032,-3413.2733220233363,0.0
14,258.85714285714283,263.899060789754,-4080.5723338586868,0.0
14,313.85714285714283,320.6185985158779,-4945.542180388585,0.0
14,379.7857142857143,388.0586295909421,-5982.345066834862,0.0
14,447.07142857142856,456.0581886432601,-7040.459280985674,0.0
14,546.3571428571429,560.5961750035149,-8601.748037793172,0.0
14,656.5714285714286,671.9031605394167,-10334.859983076603,0.0
14,723.0714285714286,743.1114605879409,-11380.549956573614,0.0
14,622.7857142857143,654.4243380909013,-9803.56220809279,0.0
14,505.2142857142857,516.8764013627574,-7954.7729774282925,0.0
14,501.5,509.81796471177546,-7896.370746536272,0.0
14,486.57142857142856,493.70653515741805,-7661.617551823384,0.0
14,498.7142857142857,506.66246865428775,-7852.567014244222,0.0
14,557.3571428571429,567.0610322405466,-8774.733398465994,0.0
14,616.7857142857143,625.5025979162676,-9709.247692144807,0.0
14,681.7142857142857,694.3917173633749,-10730.232601022999,0.0
14,749.6428571428571,766.4150777669836,-11798.380669482312,0.0
14,834.5,856.2983041640838,-13132.714590249905,0.0
14,858.7857142857143,880.8834445357359,-13514.594513461141,0.0
14,758.6428571428571,787.5976583437583,-11939.88403886709,0.0
14,661.3571428571429,690.9173508562986,-10410.094026482951,0.0
14,544.7142857142857,570.9946209403878,-8575.892923537533,0.0
14,385.64285714285717,403.0824977594537,-6074.430046852717,0.0
14,277.85714285714283,286.08665021033653,-4379.375348077218,0.0
14,228.71428571428572,235.59741691526003,-3606.4967755661096,0.0
14,193.0,198.73061450832668,-3044.7836157100323,0.0
14,169.14285714285714,172.90335863878246,-2669.5466004974596,0.0
14,143.35714285714286,148.6157557499973,-2263.9327379676847,0.0
14,116.5,119.44365079101406,-1841.4570135018912,0.0
14,93.78571428571429,97.2327840068065,-1484.0844391897185,0.0
14,70.07142857142857,71.8316484168762,-1110.9440072179243,0.0
14,53.42857142857143,55.03245795502349,-848.9873266353206,0.0
14,44.57142857142857,45.74775560458833,-709.5491832293411,0.0
28,95.67857142857143,102.87527121991674,-1513.8314014717964,0.0
28,116.71428571428571,124.67643837435479,-1844.7709542805865,0.0
28,132.14285714285714,136.91629351020072,-2087.521737525452,0.0
28,139.21428571428572,142.15283525638372,-2198.7800220855393,0.0
28,124.75,129.0831680960546,-1971.2293484366944,0.0
28,106.46428571428571,110.59627350994117,-1683.5552435279842,0.0
28,98.53571428571429,102.5477240814525,-1558.8104206045323,0.0
28,112.0,121.95315259791946,-1770.5983826025672,0.0
28,152.35714285714286,171.00396820792534,-2405.4054100557028,0.0
28,220.75,246.68060610548903,-3481.1297452351173,0.0
28,360.0,413.8441735726142,-5671.07047328377,0.0
28,576.1071428571429,662.6958740090143,-9069.423293072537,0.0
28,762.8214285714286,819.6701644999825,-12005.535843201202,0.0
28,930.9642857142857,954.6007205707974,-14649.555871485381,0.0
28,1000.4642857142857,1009.578925663,-15742.414647027721,0.0
28,978.1428571428571,986.6614341881848,-15391.426654754487,0.0
28,1009.3214285714286,1022.1480008855301,-15881.682940992017,0.0
28,1073.25,1089.3903439211178,-16886.90750607469,0.0
28,1127.392857142857,1140.035541425918,-17738.262144384826,0.0
28,1211.642857142857,1220.7678204427618,-19063.022823917654,0.0
28,1320.107142857143,1333.3675278353355,-20768.519104694107,0.0
28,1435.892857142857,1461.0622236676204,-22589.124445144636,0.0
28,1645.857142857143,1673.7605435494222,-25890.584177144945,0.0
28,1872.75,1896.0477408847821,-29458.214061144216,0.0
28,2119.785714285714,2151.823910745752,-33342.54372898476,0.0
28,2306.25,2329.961350077967,-36274.459514580136,0.0
28,2310.0714285714284,2332.8706258905268,-36334.547005403045,0.0
28,2136.0,2189.6869313084135,-33597.48101955241,0.0
28,1813.7142857142858,1882.4787041102406,-28529.922980371564,0.0
28,1455.142857142857,1502.659499496999,-22891.796204399714,0.0
28,1184.4642857142858,1209.1763578096102,-18635.65100927408,0.0
28,1000.2142857142857,1020.8300544165028,-15738.471662924961,0.0
28,879.7857142857143,894.1960874758639,-13844.819128153405,0.0
28,791.7142857142857,802.2836602029057,-12459.946463449896,0.0
28,739.25,746.003470884304,-11634.972064246453,0.0
28,741.75,752.4288053649044,-11674.278730769176,0.0
28,772.0,789.0481607607992,-12149.938883524173,0.0
28,885.8928571428571,916.0189681442191,-13940.830712539726,0.0
28,1125.25,1201.6407087216805,-17704.513801034813,0.0
28,1298.4642857142858,1352.790700208805,-20428.171160144924,0.0
28,1352.75,1390.9360286203985,-21281.778762581987,0.0
28,1322.4642857142858,1365.0754165455999,-20805.562751092897,0.0
28,1127.5714285714287,1152.9534125143875,-17741.060087289465,0.0
28,957.1785714285714,971.3023841361512,-15061.771779300758,0.0
28,828.4642857142857,850.1645428974323,-13037.805955039334,0.0
28,667.5714285714286,699.5623121434063,-10507.805286109126,0.0
28,508.5357142857143,551.4220900803407,-8006.934978923714,0.0
28,358.2857142857143,395.07838281969896,-5644.152719434112,0.0
28,245.17857142857142,266.61911034282593,-3865.3777505051808,0.0
28,168.89285714285714,181.8836951775188,-2665.5561111143566,0.0
28,122.82142857142857,132.74936104231486,-1940.8442189464422,0.0
28,94.53571428571429,100.77042508309951,-1495.8586572513311,0.0
28,78.78571428571429,81.08196910710615,-1248.0693295995206,0.0
28,80.46428571428571,83.50299395830068,-1274.4749909094367,0.0
28,94.85714285714286,100.32340561546799,-1500.9214293160253,0.0
28,134.5,150.53428655482918,-2124.5293299156756,0.0
28,204.92857142857142,233.4849337445872,-3232.278499454146,0.0
28,293.14285714285717,324.066130817241,-4619.672306089029,0.0
28,388.14285714285717,410.56494179188195,-6113.723907901493,0.0
28,489.5,508.33748632183324,-7707.645234105771,0.0
28,577.6428571428571,597.7860343443486,-9093.70897936878,0.0
28,648.2857142857143,664.185053817297,-10204.568691302864,0.0
28,690.0,699.5926365699236,-10860.527816070693,0.0
28,669.4642857142857,681.4963840172385,-10537.605207845423,0.0
28,628.1428571428571,638.4751365558411,-9887.835693681296,0.0
28,586.6428571428571,597.0159725070774,-9235.25109237614,0.0
28,521.25,532.8160698456028,-8206.94092854199,0.0
28,500.14285714285717,511.4604439390066,-7875.026691997448,0.0
28,506.60714285714283,518.4692097208583,-7976.67808097069,0.0
28,519.75,531.1310371004773,-8183.352754188597,0.0
28,588.6785714285714,599.8356620179992,-9267.260593796736,0.0
28,695.4285714285714,714.5513077649298,-10945.879525533892,0.0
28,843.8928571428571,884.6479323921548,-13280.395180937649,0.0
28,1106.75,1187.6297372738454,-17413.611626858365,0.0
28,1751.7857142857142,2061.915146515145,-27556.052323229782,0.0
28,3838.035714285714,5213.878091210036,-60359.28634693393,0.0
28,7427.785714285715,9432.168974919214,-116802.52550302455,0.0
28,10696.214285714286,12020.688172598819,-168193.43789326758,0.0
28,11560.142857142857,12373.666447627513,-181777.40780968618,0.0
28,10349.285714285714,11614.24721747266,-162738.60514035725,0.0
28,7311.428571428572,8698.16931888544,-114973.19179465031,0.0
28,4376.25,4660.875450415481,-68822.20487928178,0.0
28,3297.785714285714,3415.635142776732,-51864.967009388834,0.0
28,2617.6785714285716,2732.17633686303,-41171.221040731165,0.0
28,2102.8928571428573,2237.968251083367,-33076.87218601899,0.0
28,1623.1785714285713,1728.3364317830517,-25533.9449650431,0.0
28,1287.0714285714287,1330.0845032231168,-20249.040671291445,0.0
28,1169.8214285714287,1195.5447204397788,-18405.403061827798,0.0
28,1320.642857142857,1395.2800538140823,-20776.89955303759,0.0
28,1758.0357142857142,1931.2202563590276,-27654.379635715068,0.0
28,2285.785714285714,2455.194682417553,-35952.60590761486,0.0
28,2681.4285714285716,2771.0859397922477,-42173.61258764798,0.0
28,2754.214285714286,2828.62552437449,-43318.07697034864,0.0
28,2454.8571428571427,2571.566976433963,-38611.06887754846,0.0
28,1960.0714285714287,2097.4450103467725,-30831.175247307507,0.0
28,1476.5357142857142,1598.8386075076942,-23228.122795856547,0.0
28,1071.25,1165.6123926932144,-16855.3813473605,0.0
28,801.3571428571429,861.9088035948383,-12611.518141170787,0.0
28,650.5357142857143,673.8534972190066,-10239.941301586408,0.0
28,604.4285714285714,617.6607367433078,-9514.92546156344,0.0
28,655.7142857142857,673.9384244869854,-10321.37912112932,0.0
28,768.75,801.3403280932338,-12098.81416165391,0.0
28,976.0714285714286,1041.4049918945352,-15358.798993664082,0.0
28,1225.642857142857,1301.9715544401993,-19283.102292723877,0.0
28,1500.5357142857142,1568.2122555864141,-23605.531434351928,0.0
28,1707.142857142857,1752.814369602701,-26854.220005704705,0.0
28,1715.8214285714287,1757.6378121135847,-26990.684211639218,0.0
28,1586.357142857143,1645.132973348963,-24954.991470275756,0.0
28,1372.5714285714287,1434.5648668299586,-21593.432992273123,0.0
28,1158.4285714285713,1195.293478606823,-18226.251492142914,0.0
28,993.8214285714286,1021.1939615679565,-15637.941058645698,0.0
28,885.5357142857143,913.4601211093689,-13935.216472081313,0.0
28,803.3214285714286,829.9260509226108,-12642.44199553874,0.0
28,734.8928571428571,752.9285917573554,-11566.440668713278,0.0
28,732.75,749.2537477860411,-11532.746803035208,0.0
28,769.4285714285714,787.6472651420269,-12109.501461736345,0.0
28,819.2857142857143,836.9251118571738,-12893.483045737497,0.0
28,878.1785714285714,895.3906370166839,-13819.54286545392,0.0
28,896.0357142857143,914.5307344675269,-14100.333793350404,0.0
28,893.0357142857143,912.2946148507698,-14053.159367719463,0.0
28,870.0,890.4084536243545,-13690.934967044202,0.0
28,822.6428571428571,841.5369867094375,-12946.270957010229,0.0
28,796.1071428571429,813.8142338045318,-12529.01134759505,0.0
28,803.5714285714286,819.9918118058079,-12646.385588455687,0.0
28,860.2142857142857,884.1126301875473,-13537.057522936766,0.0
28,935.0357142857143,960.6158552868943,-14713.577264012372,0.0
28,1021.7142857142857,1043.8256559406843,-16076.541214238696,0.0
28,1054.8214285714287,1081.3730854797525,-16597.11994063546,0.0
28,1008.2142857142857,1042.063886168762,-15864.247957122698,0.0
28,940.3928571428571,980.1533954292198,-14797.795511793385,0.0
28,820.5,863.3540078421729,-12912.547382829898,0.0
28,696.1428571428571,730.8930936092598,-10957.086778298164,0.0
28,591.7857142857143,620.9115994130841,-9316.092120477142,0.0
28,511.7142857142857,527.3816048582441,-8056.9793682089585,0.0
28,484.17857142857144,494.8383935329652,-7623.981192086444,0.0
28,475.89285714285717,485.2151584606565,-7493.688518107019,0.0
28,484.57142857142856,493.81242824144704,-7630.162431309981,0.0
28,484.42857142857144,493.53571299349755,-7627.916576227804,0.0
28,459.7142857142857,469.75928486224274,-7239.272065708812,0.0
28,436.67857142857144,447.2565179593729,-6877.02206337914,0.0
28,410.85714285714283,420.7970328521137,-6470.964948864105,0.0
28,385.67857142857144,393.6707743425064,-6075.015882447179,0.0
28,371.2857142857143,377.9816700015265,-5848.677854761135,0.0
28,368.89285714285717,377.1837843052868,-5811.043003148638,0.0
28,364.92857142857144,373.25077743675615,-5748.700847234599,0.0
28,352.32142857142856,361.8172881441682,-5550.436703687398,0.0
28,331.64285714285717,343.24689156848683,-5225.234534823573,0.0
28,293.10714285714283,303.38324419312096,-4619.20435029084,0.0
28,260.5,269.80111722738076,-4106.397567891426,0.0
28,232.14285714285714,240.17404403592707,-3660.4168830712683,0.0
28,210.85714285714286,216.1864274846398,-3325.647382634995,0.0
28,190.03571428571428,196.1987876764642,-2998.156792434917,0.0
28,163.28571428571428,170.5855461972924,-2577.3959898730363,0.0
28,137.21428571428572,145.19961629229113,-2167.281401373179,0.0
28,112.5,116.9480959351504,-1778.5151578373554,0.0
28,98.67857142857143,101.37818164815205,-1561.080252698265,0.0
28,92.67857142857143,94.6521828289539,-1466.681875033595,0.0
28,93.17857142857143,95.03627127125125,-1474.549785268205,0.0
28,95.14285714285714,97.48955988060612,-1505.4492356273342,0.0
28,105.71428571428571,109.25363674888422,-1671.7608858795031,0.0
28,131.32142857142858,139.71693322060653,-2074.576284400885,0.0
28,167.25,178.66239111799663,-2639.7204961413254,0.0
28,211.5,221.85468216830583,-3335.73012294377,0.0
28,265.14285714285717,275.57757528507284,-4179.40775120596,0.0
28,319.32142857142856,331.83747097465823,-5031.458700346775,0.0
28,380.4642857142857,394.1987805301135,-5993.000730687129,0.0
28,463.07142857142856,482.10868661981783,-7292.046552314017,0.0
28,551.8214285714286,574.2137792544813,-8687.659632031138,0.0
28,634.7142857142857,658.2107239652489,-9991.148997183393,0.0
28,639.6785714285714,663.22133237275,-10069.211095584698,0.0
28,614.1428571428571,640.0686905101894,-9667.661467000955,0.0
28,562.1428571428571,586.594225776461,-8849.96647731453,0.0
28,495.89285714285717,505.4242560180789,-7808.195264625837,0.0
28,500.10714285714283,508.24266560655565,-7874.468880390246,0.0
28,521.9642857142857,531.6504289205724,-8218.175475144688,0.0
28,557.75,569.1925672137933,-8780.907353194514,0.0
28,619.5357142857143,633.9314124684829,-9752.482999744496,0.0
28,683.2142857142857,699.516108259335,-10753.81418081356,0.0
28,758.1071428571429,779.559697155113,-11931.47359563645,0.0
28,804.2142857142857,825.6354262886599,-12656.487591471729,0.0
28,796.5714285714286,822.6654414593022,-12536.299314558497,0.0
28,760.0714285714286,791.619361995217,-11962.344269972047,0.0
28,651.6785714285714,687.8753261207399,-10257.888481202312,0.0
28,523.5,565.6157201290845,-8242.262036667835,0.0
28,411.2857142857143,451.5974028775124,-6477.634135807377,0.0
28,307.17857142857144,330.1375795461211,-4840.463411209414,0.0
28,235.42857142857142,246.31222926544731,-3712.0794818936242,0.0
28,198.92857142857142,206.641857189818,-3138.021688031785,0.0
28,168.17857142857142,175.47150765865095,-2654.3581768388585,0.0
28,142.82142857142858,148.5973706746811,-2255.5018069996754,0.0
28,118.57142857142857,125.58036698237734,-1874.0085885787016,0.0
28,93.28571428571429,98.55600293379248,-1476.2005103599079,0.0
28,73.60714285714286,79.00248639848532,-1166.5358829125198,0.0
28,57.32142857142857,60.21894576104292,-910.2465952236329,0.0
